{"cameraMode":{"drawMode":0,"name":"Shaded","section":"Shading Mode"},"sceneLighting":false,"audioPlay":false,"sceneViewState":{"showFog":true,"showMaterialUpdate":false,"showSkybox":true,"showFlares":true,"showImageEffects":true,"showParticleSystems":true},"in2DMode":false,"pivot":{"x":-0.107818603515625,"y":-6.071833610534668,"z":-17.547576904296876},"rotation":{"x":-0.13079902529716493,"y":-0.8503060936927795,"z":0.2505045235157013,"w":-0.4439806342124939},"size":126.42548370361328,"orthographic":false}